Workbook

Sheet Dashboard
A1: مدير حياتك | Life Manager | B1: مدير حياتك | Life Manager | C1: مدير حياتك | Life Manager | D1: مدير حياتك | Life Manager | E1: مدير حياتك | Life Manager | F1: مدير حياتك | Life Manager | G1: مدير حياتك | Life Manager | H1: مدير حياتك | Life Manager | I1: مدير حياتك | Life Manager | J1: مدير حياتك | Life Manager | K1: مدير حياتك | Life Manager | L1: مدير حياتك | Life Manager | M1: مدير حياتك | Life Manager | N1: مدير حياتك | Life Manager | O1: مدير حياتك | Life Manager | P1: مدير حياتك | Life Manager
A3: لوحة متكاملة لإدارة المال والأهداف والعادات — أدخل بياناتك في الأوراق الأخرى. | B3: لوحة متكاملة لإدارة المال والأهداف والعادات — أدخل بياناتك في الأوراق الأخرى. | C3: لوحة متكاملة لإدارة المال والأهداف والعادات — أدخل بياناتك في الأوراق الأخرى. | D3: لوحة متكاملة لإدارة المال والأهداف والعادات — أدخل بياناتك في الأوراق الأخرى. | E3: لوحة متكاملة لإدارة المال والأهداف والعادات — أدخل بياناتك في الأوراق الأخرى. | F3: لوحة متكاملة لإدارة المال والأهداف والعادات — أدخل بياناتك في الأوراق الأخرى. | G3: لوحة متكاملة لإدارة المال والأهداف والعادات — أدخل بياناتك في الأوراق الأخرى. | H3: لوحة متكاملة لإدارة المال والأهداف والعادات — أدخل بياناتك في الأوراق الأخرى. | I3: لوحة متكاملة لإدارة المال والأهداف والعادات — أدخل بياناتك في الأوراق الأخرى. | J3: لوحة متكاملة لإدارة المال والأهداف والعادات — أدخل بياناتك في الأوراق الأخرى. | K3: لوحة متكاملة لإدارة المال والأهداف والعادات — أدخل بياناتك في الأوراق الأخرى. | L3: لوحة متكاملة لإدارة المال والأهداف والعادات — أدخل بياناتك في الأوراق الأخرى. | M3: لوحة متكاملة لإدارة المال والأهداف والعادات — أدخل بياناتك في الأوراق الأخرى. | N3: لوحة متكاملة لإدارة المال والأهداف والعادات — أدخل بياناتك في الأوراق الأخرى. | O3: لوحة متكاملة لإدارة المال والأهداف والعادات — أدخل بياناتك في الأوراق الأخرى. | P3: لوحة متكاملة لإدارة المال والأهداف والعادات — أدخل بياناتك في الأوراق الأخرى.
A5: إجمالي الرصيد | B5: إجمالي الرصيد | C5: إجمالي الرصيد | D5: إجمالي المدخرات | E5: إجمالي المدخرات | F5: إجمالي المدخرات | G5: إجمالي الاستثمارات | H5: إجمالي الاستثمارات | I5: إجمالي الاستثمارات | J5: صافي الثروة | K5: صافي الثروة | L5: صافي الثروة | M5: معدل الادخار | N5: معدل الادخار | O5: معدل الادخار | P5: معدل الادخار
A6: =IFERROR(LOOKUP(2,1/(الرصيد!$K$6:$K$57<>""),الرصيد!$K$6:$K$57),0) -> 0 | D6: =SUM('المدخرات والاستثمار'!$C$6:$C$17) -> 500 | G6: =SUM('المدخرات والاستثمار'!$D$6:$D$17) -> 5000 | J6: =IFERROR(LOOKUP(2,1/('المدخرات والاستثمار'!$G$6:$G$17<>""),'المدخرات والاستثمار'!$G$6:$G$17),0) -> 5500 | M6: =IFERROR(SUM('المدخرات والاستثمار'!$C$6:$C$17)/SUM('المدخرات والاستثمار'!$B$6:$B$17),0) -> 0.1
A10: إجمالي الأهداف | B10: إجمالي الأهداف | C10: إجمالي الأهداف | D10: الأهداف المكتملة | E10: الأهداف المكتملة | F10: الأهداف المكتملة | G10: متوسط التقدم | H10: متوسط التقدم | I10: متوسط التقدم | J10: التزام العادات | K10: التزام العادات | L10: التزام العادات | M10: الأسابيع المتتبعة | N10: الأسابيع المتتبعة | O10: الأسابيع المتتبعة | P10: الأسابيع المتتبعة
A11: =COUNTA(الأهداف!$C$6:$C$35) -> 0 | D11: =COUNTIF(الأهداف!$H$6:$H$35,"مكتمل") -> 0 | G11: =IFERROR(AVERAGE(الأهداف!$K$6:$K$35),0) -> 0 | J11: =IFERROR(AVERAGE(العادات!$BE$6:$BE$25),0) -> 0 | M11: =COUNT(الرصيد!$C$6:$C$57) -> 1
A15: مخططات المتابعة | B15: مخططات المتابعة | C15: مخططات المتابعة | D15: مخططات المتابعة | E15: مخططات المتابعة | F15: مخططات المتابعة | G15: مخططات المتابعة | H15: مخططات المتابعة | I15: مخططات المتابعة | J15: مخططات المتابعة | K15: مخططات المتابعة | L15: مخططات المتابعة | M15: مخططات المتابعة | N15: مخططات المتابعة | O15: مخططات المتابعة | P15: مخططات المتابعة
A34: الشهر | B34: صافي الثروة | C34: الدخل | D34: المصروف | F34: الحالة | G34: العدد | I34: تقييم | J34: العدد
A35: ='المدخرات والاستثمار'!A6 -> يناير | B35: ='المدخرات والاستثمار'!G6 -> 5500 | C35: =SUMIFS(الميزانية!$E$6:$E$185,الميزانية!$A$6:$A$185,A35,الميزانية!$C$6:$C$185,"دخل") -> 5000 | D35: =SUMIFS(الميزانية!$E$6:$E$185,الميزانية!$A$6:$A$185,A35,الميزانية!$C$6:$C$185,"مصروف") -> 0 | F35: لم يبدأ | G35: =COUNTIF(الأهداف!$H$6:$H$35,F35) -> 0 | I35: 0 | J35: =COUNTIF(العادات!$D$6:$BC$25,I35) -> 0
A36: ='المدخرات والاستثمار'!A7 -> فبراير | B36: ='المدخرات والاستثمار'!G7 -> 5500 | C36: =SUMIFS(الميزانية!$E$6:$E$185,الميزانية!$A$6:$A$185,A36,الميزانية!$C$6:$C$185,"دخل") -> 0 | D36: =SUMIFS(الميزانية!$E$6:$E$185,الميزانية!$A$6:$A$185,A36,الميزانية!$C$6:$C$185,"مصروف") -> 0 | F36: قيد التنفيذ | G36: =COUNTIF(الأهداف!$H$6:$H$35,F36) -> 0 | I36: 1 | J36: =COUNTIF(العادات!$D$6:$BC$25,I36) -> 0
A37: ='المدخرات والاستثمار'!A8 -> مارس | B37: ='المدخرات والاستثمار'!G8 -> 5500 | C37: =SUMIFS(الميزانية!$E$6:$E$185,الميزانية!$A$6:$A$185,A37,الميزانية!$C$6:$C$185,"دخل") -> 0 | D37: =SUMIFS(الميزانية!$E$6:$E$185,الميزانية!$A$6:$A$185,A37,الميزانية!$C$6:$C$185,"مصروف") -> 0 | F37: مكتمل | G37: =COUNTIF(الأهداف!$H$6:$H$35,F37) -> 0 | I37: 2 | J37: =COUNTIF(العادات!$D$6:$BC$25,I37) -> 0
A38: ='المدخرات والاستثمار'!A9 -> أبريل | B38: ='المدخرات والاستثمار'!G9 -> 5500 | C38: =SUMIFS(الميزانية!$E$6:$E$185,الميزانية!$A$6:$A$185,A38,الميزانية!$C$6:$C$185,"دخل") -> 0 | D38: =SUMIFS(الميزانية!$E$6:$E$185,الميزانية!$A$6:$A$185,A38,الميزانية!$C$6:$C$185,"مصروف") -> 0 | F38: معلّق | G38: =COUNTIF(الأهداف!$H$6:$H$35,F38) -> 0 | I38: 3 | J38: =COUNTIF(العادات!$D$6:$BC$25,I38) -> 0
A39: ='المدخرات والاستثمار'!A10 -> مايو | B39: ='المدخرات والاستثمار'!G10 -> 5500 | C39: =SUMIFS(الميزانية!$E$6:$E$185,الميزانية!$A$6:$A$185,A39,الميزانية!$C$6:$C$185,"دخل") -> 0 | D39: =SUMIFS(الميزانية!$E$6:$E$185,الميزانية!$A$6:$A$185,A39,الميزانية!$C$6:$C$185,"مصروف") -> 0 | F39: ملغي | G39: =COUNTIF(الأهداف!$H$6:$H$35,F39) -> 0
A40: ='المدخرات والاستثمار'!A11 -> يونيو | B40: ='المدخرات والاستثمار'!G11 -> 5500 | C40: =SUMIFS(الميزانية!$E$6:$E$185,الميزانية!$A$6:$A$185,A40,الميزانية!$C$6:$C$185,"دخل") -> 0 | D40: =SUMIFS(الميزانية!$E$6:$E$185,الميزانية!$A$6:$A$185,A40,الميزانية!$C$6:$C$185,"مصروف") -> 0
A41: ='المدخرات والاستثمار'!A12 -> يوليو | B41: ='المدخرات والاستثمار'!G12 -> 5500 | C41: =SUMIFS(الميزانية!$E$6:$E$185,الميزانية!$A$6:$A$185,A41,الميزانية!$C$6:$C$185,"دخل") -> 0 | D41: =SUMIFS(الميزانية!$E$6:$E$185,الميزانية!$A$6:$A$185,A41,الميزانية!$C$6:$C$185,"مصروف") -> 0
A42: ='المدخرات والاستثمار'!A13 -> أغسطس | B42: ='المدخرات والاستثمار'!G13 -> 5500 | C42: =SUMIFS(الميزانية!$E$6:$E$185,الميزانية!$A$6:$A$185,A42,الميزانية!$C$6:$C$185,"دخل") -> 0 | D42: =SUMIFS(الميزانية!$E$6:$E$185,الميزانية!$A$6:$A$185,A42,الميزانية!$C$6:$C$185,"مصروف") -> 0
A43: ='المدخرات والاستثمار'!A14 -> سبتمبر | B43: ='المدخرات والاستثمار'!G14 -> 5500 | C43: =SUMIFS(الميزانية!$E$6:$E$185,الميزانية!$A$6:$A$185,A43,الميزانية!$C$6:$C$185,"دخل") -> 0 | D43: =SUMIFS(الميزانية!$E$6:$E$185,الميزانية!$A$6:$A$185,A43,الميزانية!$C$6:$C$185,"مصروف") -> 0
A44: ='المدخرات والاستثمار'!A15 -> أكتوبر | B44: ='المدخرات والاستثمار'!G15 -> 5500 | C44: =SUMIFS(الميزانية!$E$6:$E$185,الميزانية!$A$6:$A$185,A44,الميزانية!$C$6:$C$185,"دخل") -> 0 | D44: =SUMIFS(الميزانية!$E$6:$E$185,الميزانية!$A$6:$A$185,A44,الميزانية!$C$6:$C$185,"مصروف") -> 0
A45: ='المدخرات والاستثمار'!A16 -> نوفمبر | B45: ='المدخرات والاستثمار'!G16 -> 5500 | C45: =SUMIFS(الميزانية!$E$6:$E$185,الميزانية!$A$6:$A$185,A45,الميزانية!$C$6:$C$185,"دخل") -> 0 | D45: =SUMIFS(الميزانية!$E$6:$E$185,الميزانية!$A$6:$A$185,A45,الميزانية!$C$6:$C$185,"مصروف") -> 0
A46: ='المدخرات والاستثمار'!A17 -> ديسمبر | B46: ='المدخرات والاستثمار'!G17 -> 5500 | C46: =SUMIFS(الميزانية!$E$6:$E$185,الميزانية!$A$6:$A$185,A46,الميزانية!$C$6:$C$185,"دخل") -> 0 | D46: =SUMIFS(الميزانية!$E$6:$E$185,الميزانية!$A$6:$A$185,A46,الميزانية!$C$6:$C$185,"مصروف") -> 0

Sheet الرصيد
A1: الرصيد الأسبوعي | Weekly Balance | B1: الرصيد الأسبوعي | Weekly Balance | C1: الرصيد الأسبوعي | Weekly Balance | D1: الرصيد الأسبوعي | Weekly Balance | E1: الرصيد الأسبوعي | Weekly Balance | F1: الرصيد الأسبوعي | Weekly Balance | G1: الرصيد الأسبوعي | Weekly Balance | H1: الرصيد الأسبوعي | Weekly Balance | I1: الرصيد الأسبوعي | Weekly Balance | J1: الرصيد الأسبوعي | Weekly Balance | K1: الرصيد الأسبوعي | Weekly Balance | L1: الرصيد الأسبوعي | Weekly Balance
A3: أدخل الأهداف والأرصدة والالتزامات فقط في الخلايا الصفراء. يحسب الملف صافي الرصيد تلقائيًا. | B3: أدخل الأهداف والأرصدة والالتزامات فقط في الخلايا الصفراء. يحسب الملف صافي الرصيد تلقائيًا. | C3: أدخل الأهداف والأرصدة والالتزامات فقط في الخلايا الصفراء. يحسب الملف صافي الرصيد تلقائيًا. | D3: أدخل الأهداف والأرصدة والالتزامات فقط في الخلايا الصفراء. يحسب الملف صافي الرصيد تلقائيًا. | E3: أدخل الأهداف والأرصدة والالتزامات فقط في الخلايا الصفراء. يحسب الملف صافي الرصيد تلقائيًا. | F3: أدخل الأهداف والأرصدة والالتزامات فقط في الخلايا الصفراء. يحسب الملف صافي الرصيد تلقائيًا. | G3: أدخل الأهداف والأرصدة والالتزامات فقط في الخلايا الصفراء. يحسب الملف صافي الرصيد تلقائيًا. | H3: أدخل الأهداف والأرصدة والالتزامات فقط في الخلايا الصفراء. يحسب الملف صافي الرصيد تلقائيًا. | I3: أدخل الأهداف والأرصدة والالتزامات فقط في الخلايا الصفراء. يحسب الملف صافي الرصيد تلقائيًا. | J3: أدخل الأهداف والأرصدة والالتزامات فقط في الخلايا الصفراء. يحسب الملف صافي الرصيد تلقائيًا. | K3: أدخل الأهداف والأرصدة والالتزامات فقط في الخلايا الصفراء. يحسب الملف صافي الرصيد تلقائيًا. | L3: أدخل الأهداف والأرصدة والالتزامات فقط في الخلايا الصفراء. يحسب الملف صافي الرصيد تلقائيًا.
A5: الأسبوع | B5: التاريخ | C5: هدف الادخار | D5: حساب بنكي 1 | E5: حساب بنكي 2 | F5: نقد | G5: أسهم / استثمار | H5: أصول أخرى | I5: التزامات | J5: إجمالي الأصول | K5: صافي الرصيد | L5: المتبقي
A6: 1 | B6: =DATE(الإعدادات!$B$6,1,1)+(A6-1)*7 -> 46023 | C6: 1 | D6: 100 | E6: 1000 | F6: 1000 | G6: 1000 | H6: 1000 | I6: 5000 | J6: =SUM(D6:I6) -> 9100 | K6: =J6-I6 -> 4100 | L6: =K6-C6 -> 4099
A7: 2 | B7: =DATE(الإعدادات!$B$6,1,1)+(A7-1)*7 -> 46030 | J7: =SUM(D7:H7) -> 0 | K7: =J7-I7 -> 0 | L7: =K7-C7 -> 0
A8: 3 | B8: =DATE(الإعدادات!$B$6,1,1)+(A8-1)*7 -> 46037 | J8: =SUM(D8:H8) -> 0 | K8: =J8-I8 -> 0 | L8: =K8-C8 -> 0
A9: 4 | B9: =DATE(الإعدادات!$B$6,1,1)+(A9-1)*7 -> 46044 | J9: =SUM(D9:H9) -> 0 | K9: =J9-I9 -> 0 | L9: =K9-C9 -> 0
A10: 5 | B10: =DATE(الإعدادات!$B$6,1,1)+(A10-1)*7 -> 46051 | J10: =SUM(D10:H10) -> 0 | K10: =J10-I10 -> 0 | L10: =K10-C10 -> 0
A11: 6 | B11: =DATE(الإعدادات!$B$6,1,1)+(A11-1)*7 -> 46058 | J11: =SUM(D11:H11) -> 0 | K11: =J11-I11 -> 0 | L11: =K11-C11 -> 0
A12: 7 | B12: =DATE(الإعدادات!$B$6,1,1)+(A12-1)*7 -> 46065 | J12: =SUM(D12:H12) -> 0 | K12: =J12-I12 -> 0 | L12: =K12-C12 -> 0
A13: 8 | B13: =DATE(الإعدادات!$B$6,1,1)+(A13-1)*7 -> 46072 | J13: =SUM(D13:H13) -> 0 | K13: =J13-I13 -> 0 | L13: =K13-C13 -> 0
A14: 9 | B14: =DATE(الإعدادات!$B$6,1,1)+(A14-1)*7 -> 46079 | J14: =SUM(D14:H14) -> 0 | K14: =J14-I14 -> 0 | L14: =K14-C14 -> 0
A15: 10 | B15: =DATE(الإعدادات!$B$6,1,1)+(A15-1)*7 -> 46086 | J15: =SUM(D15:H15) -> 0 | K15: =J15-I15 -> 0 | L15: =K15-C15 -> 0
A16: 11 | B16: =DATE(الإعدادات!$B$6,1,1)+(A16-1)*7 -> 46093 | J16: =SUM(D16:H16) -> 0 | K16: =J16-I16 -> 0 | L16: =K16-C16 -> 0
A17: 12 | B17: =DATE(الإعدادات!$B$6,1,1)+(A17-1)*7 -> 46100 | J17: =SUM(D17:H17) -> 0 | K17: =J17-I17 -> 0 | L17: =K17-C17 -> 0
A18: 13 | B18: =DATE(الإعدادات!$B$6,1,1)+(A18-1)*7 -> 46107 | J18: =SUM(D18:H18) -> 0 | K18: =J18-I18 -> 0 | L18: =K18-C18 -> 0
... A57: 52 | B57: =DATE(الإعدادات!$B$6,1,1)+(A57-1)*7 -> 46380 | J57: =SUM(D57:H57) -> 0 | K57: =J57-I57 -> 0 | L57: =K57-C57 -> 0

Sheet المدخرات والاستثمار
A1: المدخرات والاستثمار | Savings & Investment | B1: المدخرات والاستثمار | Savings & Investment | C1: المدخرات والاستثمار | Savings & Investment | D1: المدخرات والاستثمار | Savings & Investment | E1: المدخرات والاستثمار | Savings & Investment | F1: المدخرات والاستثمار | Savings & Investment | G1: المدخرات والاستثمار | Savings & Investment | H1: المدخرات والاستثمار | Savings & Investment | I1: المدخرات والاستثمار | Savings & Investment
A3: الدخل مصدره ورقة الميزانية. أدخل الادخار والاستثمار شهريًا. | B3: الدخل مصدره ورقة الميزانية. أدخل الادخار والاستثمار شهريًا. | C3: الدخل مصدره ورقة الميزانية. أدخل الادخار والاستثمار شهريًا. | D3: الدخل مصدره ورقة الميزانية. أدخل الادخار والاستثمار شهريًا. | E3: الدخل مصدره ورقة الميزانية. أدخل الادخار والاستثمار شهريًا. | F3: الدخل مصدره ورقة الميزانية. أدخل الادخار والاستثمار شهريًا. | G3: الدخل مصدره ورقة الميزانية. أدخل الادخار والاستثمار شهريًا. | H3: الدخل مصدره ورقة الميزانية. أدخل الادخار والاستثمار شهريًا. | I3: الدخل مصدره ورقة الميزانية. أدخل الادخار والاستثمار شهريًا.
A5: الشهر | B5: الدخل | C5: الادخار | D5: الاستثمار | E5: رصيد المدخرات | F5: رصيد الاستثمار | G5: صافي الثروة | H5: معدل الادخار | I5: التقدم %
A6: =الإعدادات!J6 -> يناير | B6: =SUMIFS(الميزانية!$E$6:$E$185,الميزانية!$A$6:$A$185,A6,الميزانية!$C$6:$C$185,"دخل") -> 5000 | C6: 500 | D6: 5000 | E6: =C6 -> 500 | F6: =D6 -> 5000 | G6: =E6+F6 -> 5500 | H6: =IFERROR(C6/B6,0) -> 0.1 | I6: =IFERROR(G6/SUM($C$6:$C$17),0) -> 11
A7: =الإعدادات!J7 -> فبراير | B7: =SUMIFS(الميزانية!$E$6:$E$185,الميزانية!$A$6:$A$185,A7,الميزانية!$C$6:$C$185,"دخل") -> 0 | E7: =E6+C7 -> 500 | F7: =F6+D7 -> 5000 | G7: =E7+F7 -> 5500 | H7: =IFERROR(C7/B7,0) -> 0 | I7: =IFERROR(G7/SUM($C$6:$C$17),0) -> 11
A8: =الإعدادات!J8 -> مارس | B8: =SUMIFS(الميزانية!$E$6:$E$185,الميزانية!$A$6:$A$185,A8,الميزانية!$C$6:$C$185,"دخل") -> 0 | E8: =E7+C8 -> 500 | F8: =F7+D8 -> 5000 | G8: =E8+F8 -> 5500 | H8: =IFERROR(C8/B8,0) -> 0 | I8: =IFERROR(G8/SUM($C$6:$C$17),0) -> 11
A9: =الإعدادات!J9 -> أبريل | B9: =SUMIFS(الميزانية!$E$6:$E$185,الميزانية!$A$6:$A$185,A9,الميزانية!$C$6:$C$185,"دخل") -> 0 | E9: =E8+C9 -> 500 | F9: =F8+D9 -> 5000 | G9: =E9+F9 -> 5500 | H9: =IFERROR(C9/B9,0) -> 0 | I9: =IFERROR(G9/SUM($C$6:$C$17),0) -> 11
A10: =الإعدادات!J10 -> مايو | B10: =SUMIFS(الميزانية!$E$6:$E$185,الميزانية!$A$6:$A$185,A10,الميزانية!$C$6:$C$185,"دخل") -> 0 | E10: =E9+C10 -> 500 | F10: =F9+D10 -> 5000 | G10: =E10+F10 -> 5500 | H10: =IFERROR(C10/B10,0) -> 0 | I10: =IFERROR(G10/SUM($C$6:$C$17),0) -> 11
A11: =الإعدادات!J11 -> يونيو | B11: =SUMIFS(الميزانية!$E$6:$E$185,الميزانية!$A$6:$A$185,A11,الميزانية!$C$6:$C$185,"دخل") -> 0 | E11: =E10+C11 -> 500 | F11: =F10+D11 -> 5000 | G11: =E11+F11 -> 5500 | H11: =IFERROR(C11/B11,0) -> 0 | I11: =IFERROR(G11/SUM($C$6:$C$17),0) -> 11
A12: =الإعدادات!J12 -> يوليو | B12: =SUMIFS(الميزانية!$E$6:$E$185,الميزانية!$A$6:$A$185,A12,الميزانية!$C$6:$C$185,"دخل") -> 0 | E12: =E11+C12 -> 500 | F12: =F11+D12 -> 5000 | G12: =E12+F12 -> 5500 | H12: =IFERROR(C12/B12,0) -> 0 | I12: =IFERROR(G12/SUM($C$6:$C$17),0) -> 11
A13: =الإعدادات!J13 -> أغسطس | B13: =SUMIFS(الميزانية!$E$6:$E$185,الميزانية!$A$6:$A$185,A13,الميزانية!$C$6:$C$185,"دخل") -> 0 | E13: =E12+C13 -> 500 | F13: =F12+D13 -> 5000 | G13: =E13+F13 -> 5500 | H13: =IFERROR(C13/B13,0) -> 0 | I13: =IFERROR(G13/SUM($C$6:$C$17),0) -> 11
A14: =الإعدادات!J14 -> سبتمبر | B14: =SUMIFS(الميزانية!$E$6:$E$185,الميزانية!$A$6:$A$185,A14,الميزانية!$C$6:$C$185,"دخل") -> 0 | E14: =E13+C14 -> 500 | F14: =F13+D14 -> 5000 | G14: =E14+F14 -> 5500 | H14: =IFERROR(C14/B14,0) -> 0 | I14: =IFERROR(G14/SUM($C$6:$C$17),0) -> 11
A15: =الإعدادات!J15 -> أكتوبر | B15: =SUMIFS(الميزانية!$E$6:$E$185,الميزانية!$A$6:$A$185,A15,الميزانية!$C$6:$C$185,"دخل") -> 0 | E15: =E14+C15 -> 500 | F15: =F14+D15 -> 5000 | G15: =E15+F15 -> 5500 | H15: =IFERROR(C15/B15,0) -> 0 | I15: =IFERROR(G15/SUM($C$6:$C$17),0) -> 11
A16: =الإعدادات!J16 -> نوفمبر | B16: =SUMIFS(الميزانية!$E$6:$E$185,الميزانية!$A$6:$A$185,A16,الميزانية!$C$6:$C$185,"دخل") -> 0 | E16: =E15+C16 -> 500 | F16: =F15+D16 -> 5000 | G16: =E16+F16 -> 5500 | H16: =IFERROR(C16/B16,0) -> 0 | I16: =IFERROR(G16/SUM($C$6:$C$17),0) -> 11
A17: =الإعدادات!J17 -> ديسمبر | B17: =SUMIFS(الميزانية!$E$6:$E$185,الميزانية!$A$6:$A$185,A17,الميزانية!$C$6:$C$185,"دخل") -> 0 | E17: =E16+C17 -> 500 | F17: =F16+D17 -> 5000 | G17: =E17+F17 -> 5500 | H17: =IFERROR(C17/B17,0) -> 0 | I17: =IFERROR(G17/SUM($C$6:$C$17),0) -> 11

Sheet الأهداف
A1: الأهداف | Goals | B1: الأهداف | Goals | C1: الأهداف | Goals | D1: الأهداف | Goals | E1: الأهداف | Goals | F1: الأهداف | Goals | G1: الأهداف | Goals | H1: الأهداف | Goals | I1: الأهداف | Goals | J1: الأهداف | Goals | K1: الأهداف | Goals | L1: الأهداف | Goals
A3: أدخل الهدف وخطته وقيمه المستهدفة؛ تُحسب نسبة التقدم تلقائيًا. | B3: أدخل الهدف وخطته وقيمه المستهدفة؛ تُحسب نسبة التقدم تلقائيًا. | C3: أدخل الهدف وخطته وقيمه المستهدفة؛ تُحسب نسبة التقدم تلقائيًا. | D3: أدخل الهدف وخطته وقيمه المستهدفة؛ تُحسب نسبة التقدم تلقائيًا. | E3: أدخل الهدف وخطته وقيمه المستهدفة؛ تُحسب نسبة التقدم تلقائيًا. | F3: أدخل الهدف وخطته وقيمه المستهدفة؛ تُحسب نسبة التقدم تلقائيًا. | G3: أدخل الهدف وخطته وقيمه المستهدفة؛ تُحسب نسبة التقدم تلقائيًا. | H3: أدخل الهدف وخطته وقيمه المستهدفة؛ تُحسب نسبة التقدم تلقائيًا. | I3: أدخل الهدف وخطته وقيمه المستهدفة؛ تُحسب نسبة التقدم تلقائيًا. | J3: أدخل الهدف وخطته وقيمه المستهدفة؛ تُحسب نسبة التقدم تلقائيًا. | K3: أدخل الهدف وخطته وقيمه المستهدفة؛ تُحسب نسبة التقدم تلقائيًا. | L3: أدخل الهدف وخطته وقيمه المستهدفة؛ تُحسب نسبة التقدم تلقائيًا.
A5: رقم الهدف | B5: الفئة | C5: الهدف | D5: الغرض | E5: خطة العمل | F5: تاريخ البدء | G5: تاريخ الاستهداف | H5: الحالة | I5: القيمة المستهدفة | J5: القيمة الحالية | K5: التقدم % | L5: ملاحظات
A6: =ROW()-5 -> 1 | K6: =IFERROR(MIN(MAX(J6/I6,0),1),0) -> 0
A7: =ROW()-5 -> 2 | K7: =IFERROR(MIN(MAX(J7/I7,0),1),0) -> 0
A8: =ROW()-5 -> 3 | K8: =IFERROR(MIN(MAX(J8/I8,0),1),0) -> 0
A9: =ROW()-5 -> 4 | K9: =IFERROR(MIN(MAX(J9/I9,0),1),0) -> 0
A10: =ROW()-5 -> 5 | K10: =IFERROR(MIN(MAX(J10/I10,0),1),0) -> 0
A11: =ROW()-5 -> 6 | K11: =IFERROR(MIN(MAX(J11/I11,0),1),0) -> 0
A12: =ROW()-5 -> 7 | K12: =IFERROR(MIN(MAX(J12/I12,0),1),0) -> 0
A13: =ROW()-5 -> 8 | K13: =IFERROR(MIN(MAX(J13/I13,0),1),0) -> 0
A14: =ROW()-5 -> 9 | K14: =IFERROR(MIN(MAX(J14/I14,0),1),0) -> 0
A15: =ROW()-5 -> 10 | K15: =IFERROR(MIN(MAX(J15/I15,0),1),0) -> 0
A16: =ROW()-5 -> 11 | K16: =IFERROR(MIN(MAX(J16/I16,0),1),0) -> 0
A17: =ROW()-5 -> 12 | K17: =IFERROR(MIN(MAX(J17/I17,0),1),0) -> 0
... A35: =ROW()-5 -> 30 | K35: =IFERROR(MIN(MAX(J35/I35,0),1),0) -> 0

Sheet العادات
A1: العادات | 52-Week Habit Tracker | B1: العادات | 52-Week Habit Tracker | C1: العادات | 52-Week Habit Tracker | D1: العادات | 52-Week Habit Tracker | E1: العادات | 52-Week Habit Tracker | F1: العادات | 52-Week Habit Tracker | G1: العادات | 52-Week Habit Tracker | H1: العادات | 52-Week Habit Tracker | I1: العادات | 52-Week Habit Tracker | J1: العادات | 52-Week Habit Tracker | K1: العادات | 52-Week Habit Tracker | L1: العادات | 52-Week Habit Tracker | M1: العادات | 52-Week Habit Tracker | N1: العادات | 52-Week Habit Tracker | O1: العادات | 52-Week Habit Tracker | P1: العادات | 52-Week Habit Tracker | Q1: العادات | 52-Week Habit Tracker | R1: العادات | 52-Week Habit Tracker | S1: العادات | 52-Week Habit Tracker | T1: العادات | 52-Week Habit Tracker | U1: العادات | 52-Week Habit Tracker | V1: العادات | 52-Week Habit Tracker | W1: العادات | 52-Week Habit Tracker | X1: العادات | 52-Week Habit Tracker | Y1: العادات | 52-Week Habit Tracker | Z1: العادات | 52-Week Habit Tracker | AA1: العادات | 52-Week Habit Tracker | AB1: العادات | 52-Week Habit Tracker | AC1: العادات | 52-Week Habit Tracker | AD1: العادات | 52-Week Habit Tracker | AE1: العادات | 52-Week Habit Tracker | AF1: العادات | 52-Week Habit Tracker | AG1: العادات | 52-Week Habit Tracker | AH1: العادات | 52-Week Habit Tracker | AI1: العادات | 52-Week Habit Tracker | AJ1: العادات | 52-Week Habit Tracker | AK1: العادات | 52-Week Habit Tracker | AL1: العادات | 52-Week Habit Tracker | AM1: العادات | 52-Week Habit Tracker | AN1: العادات | 52-Week Habit Tracker | AO1: العادات | 52-Week Habit Tracker | AP1: العادات | 52-Week Habit Tracker | AQ1: العادات | 52-Week Habit Tracker | AR1: العادات | 52-Week Habit Tracker | AS1: العادات | 52-Week Habit Tracker | AT1: العادات | 52-Week Habit Tracker | AU1: العادات | 52-Week Habit Tracker | AV1: العادات | 52-Week Habit Tracker | AW1: العادات | 52-Week Habit Tracker | AX1: العادات | 52-Week Habit Tracker | AY1: العادات | 52-Week Habit Tracker | AZ1: العادات | 52-Week Habit Tracker | BA1: العادات | 52-Week Habit Tracker | BB1: العادات | 52-Week Habit Tracker
A3: التقييم: 0 لم يتم، 1 ضعيف، 2 جيد، 3 رائع. أدخل التقييم في الخلايا الصفراء. | B3: التقييم: 0 لم يتم، 1 ضعيف، 2 جيد، 3 رائع. أدخل التقييم في الخلايا الصفراء. | C3: التقييم: 0 لم يتم، 1 ضعيف، 2 جيد، 3 رائع. أدخل التقييم في الخلايا الصفراء. | D3: التقييم: 0 لم يتم، 1 ضعيف، 2 جيد، 3 رائع. أدخل التقييم في الخلايا الصفراء. | E3: التقييم: 0 لم يتم، 1 ضعيف، 2 جيد، 3 رائع. أدخل التقييم في الخلايا الصفراء. | F3: التقييم: 0 لم يتم، 1 ضعيف، 2 جيد، 3 رائع. أدخل التقييم في الخلايا الصفراء. | G3: التقييم: 0 لم يتم، 1 ضعيف، 2 جيد، 3 رائع. أدخل التقييم في الخلايا الصفراء. | H3: التقييم: 0 لم يتم، 1 ضعيف، 2 جيد، 3 رائع. أدخل التقييم في الخلايا الصفراء. | I3: التقييم: 0 لم يتم، 1 ضعيف، 2 جيد، 3 رائع. أدخل التقييم في الخلايا الصفراء. | J3: التقييم: 0 لم يتم، 1 ضعيف، 2 جيد، 3 رائع. أدخل التقييم في الخلايا الصفراء. | K3: التقييم: 0 لم يتم، 1 ضعيف، 2 جيد، 3 رائع. أدخل التقييم في الخلايا الصفراء. | L3: التقييم: 0 لم يتم، 1 ضعيف، 2 جيد، 3 رائع. أدخل التقييم في الخلايا الصفراء. | M3: التقييم: 0 لم يتم، 1 ضعيف، 2 جيد، 3 رائع. أدخل التقييم في الخلايا الصفراء. | N3: التقييم: 0 لم يتم، 1 ضعيف، 2 جيد، 3 رائع. أدخل التقييم في الخلايا الصفراء. | O3: التقييم: 0 لم يتم، 1 ضعيف، 2 جيد، 3 رائع. أدخل التقييم في الخلايا الصفراء. | P3: التقييم: 0 لم يتم، 1 ضعيف، 2 جيد، 3 رائع. أدخل التقييم في الخلايا الصفراء. | Q3: التقييم: 0 لم يتم، 1 ضعيف، 2 جيد، 3 رائع. أدخل التقييم في الخلايا الصفراء. | R3: التقييم: 0 لم يتم، 1 ضعيف، 2 جيد، 3 رائع. أدخل التقييم في الخلايا الصفراء. | S3: التقييم: 0 لم يتم، 1 ضعيف، 2 جيد، 3 رائع. أدخل التقييم في الخلايا الصفراء. | T3: التقييم: 0 لم يتم، 1 ضعيف، 2 جيد، 3 رائع. أدخل التقييم في الخلايا الصفراء. | U3: التقييم: 0 لم يتم، 1 ضعيف، 2 جيد، 3 رائع. أدخل التقييم في الخلايا الصفراء. | V3: التقييم: 0 لم يتم، 1 ضعيف، 2 جيد، 3 رائع. أدخل التقييم في الخلايا الصفراء. | W3: التقييم: 0 لم يتم، 1 ضعيف، 2 جيد، 3 رائع. أدخل التقييم في الخلايا الصفراء. | X3: التقييم: 0 لم يتم، 1 ضعيف، 2 جيد، 3 رائع. أدخل التقييم في الخلايا الصفراء. | Y3: التقييم: 0 لم يتم، 1 ضعيف، 2 جيد، 3 رائع. أدخل التقييم في الخلايا الصفراء. | Z3: التقييم: 0 لم يتم، 1 ضعيف، 2 جيد، 3 رائع. أدخل التقييم في الخلايا الصفراء. | AA3: التقييم: 0 لم يتم، 1 ضعيف، 2 جيد، 3 رائع. أدخل التقييم في الخلايا الصفراء. | AB3: التقييم: 0 لم يتم، 1 ضعيف، 2 جيد، 3 رائع. أدخل التقييم في الخلايا الصفراء. | AC3: التقييم: 0 لم يتم، 1 ضعيف، 2 جيد، 3 رائع. أدخل التقييم في الخلايا الصفراء. | AD3: التقييم: 0 لم يتم، 1 ضعيف، 2 جيد، 3 رائع. أدخل التقييم في الخلايا الصفراء. | AE3: التقييم: 0 لم يتم، 1 ضعيف، 2 جيد، 3 رائع. أدخل التقييم في الخلايا الصفراء. | AF3: التقييم: 0 لم يتم، 1 ضعيف، 2 جيد، 3 رائع. أدخل التقييم في الخلايا الصفراء. | AG3: التقييم: 0 لم يتم، 1 ضعيف، 2 جيد، 3 رائع. أدخل التقييم في الخلايا الصفراء. | AH3: التقييم: 0 لم يتم، 1 ضعيف، 2 جيد، 3 رائع. أدخل التقييم في الخلايا الصفراء. | AI3: التقييم: 0 لم يتم، 1 ضعيف، 2 جيد، 3 رائع. أدخل التقييم في الخلايا الصفراء. | AJ3: التقييم: 0 لم يتم، 1 ضعيف، 2 جيد، 3 رائع. أدخل التقييم في الخلايا الصفراء. | AK3: التقييم: 0 لم يتم، 1 ضعيف، 2 جيد، 3 رائع. أدخل التقييم في الخلايا الصفراء. | AL3: التقييم: 0 لم يتم، 1 ضعيف، 2 جيد، 3 رائع. أدخل التقييم في الخلايا الصفراء. | AM3: التقييم: 0 لم يتم، 1 ضعيف، 2 جيد، 3 رائع. أدخل التقييم في الخلايا الصفراء. | AN3: التقييم: 0 لم يتم، 1 ضعيف، 2 جيد، 3 رائع. أدخل التقييم في الخلايا الصفراء. | AO3: التقييم: 0 لم يتم، 1 ضعيف، 2 جيد، 3 رائع. أدخل التقييم في الخلايا الصفراء. | AP3: التقييم: 0 لم يتم، 1 ضعيف، 2 جيد، 3 رائع. أدخل التقييم في الخلايا الصفراء. | AQ3: التقييم: 0 لم يتم، 1 ضعيف، 2 جيد، 3 رائع. أدخل التقييم في الخلايا الصفراء. | AR3: التقييم: 0 لم يتم، 1 ضعيف، 2 جيد، 3 رائع. أدخل التقييم في الخلايا الصفراء. | AS3: التقييم: 0 لم يتم، 1 ضعيف، 2 جيد، 3 رائع. أدخل التقييم في الخلايا الصفراء. | AT3: التقييم: 0 لم يتم، 1 ضعيف، 2 جيد، 3 رائع. أدخل التقييم في الخلايا الصفراء. | AU3: التقييم: 0 لم يتم، 1 ضعيف، 2 جيد، 3 رائع. أدخل التقييم في الخلايا الصفراء. | AV3: التقييم: 0 لم يتم، 1 ضعيف، 2 جيد، 3 رائع. أدخل التقييم في الخلايا الصفراء. | AW3: التقييم: 0 لم يتم، 1 ضعيف، 2 جيد، 3 رائع. أدخل التقييم في الخلايا الصفراء. | AX3: التقييم: 0 لم يتم، 1 ضعيف، 2 جيد، 3 رائع. أدخل التقييم في الخلايا الصفراء. | AY3: التقييم: 0 لم يتم، 1 ضعيف، 2 جيد، 3 رائع. أدخل التقييم في الخلايا الصفراء. | AZ3: التقييم: 0 لم يتم، 1 ضعيف، 2 جيد، 3 رائع. أدخل التقييم في الخلايا الصفراء. | BA3: التقييم: 0 لم يتم، 1 ضعيف، 2 جيد، 3 رائع. أدخل التقييم في الخلايا الصفراء. | BB3: التقييم: 0 لم يتم، 1 ضعيف، 2 جيد، 3 رائع. أدخل التقييم في الخلايا الصفراء.
A5: العادة | B5: الفئة | C5: تاريخ البدء | D5: أسبوع 1 | E5: أسبوع 2 | F5: أسبوع 3 | G5: أسبوع 4 | H5: أسبوع 5 | I5: أسبوع 6 | J5: أسبوع 7 | K5: أسبوع 8 | L5: أسبوع 9 | M5: أسبوع 10 | N5: أسبوع 11 | O5: أسبوع 12 | P5: أسبوع 13 | Q5: أسبوع 14 | R5: أسبوع 15 | S5: أسبوع 16 | T5: أسبوع 17 | U5: أسبوع 18 | V5: أسبوع 19 | W5: أسبوع 20 | X5: أسبوع 21 | Y5: أسبوع 22 | Z5: أسبوع 23 | AA5: أسبوع 24 | AB5: أسبوع 25 | AC5: أسبوع 26 | AD5: أسبوع 27 | AE5: أسبوع 28 | AF5: أسبوع 29 | AG5: أسبوع 30 | AH5: أسبوع 31 | AI5: أسبوع 32 | AJ5: أسبوع 33 | AK5: أسبوع 34 | AL5: أسبوع 35 | AM5: أسبوع 36 | AN5: أسبوع 37 | AO5: أسبوع 38 | AP5: أسبوع 39 | AQ5: أسبوع 40 | AR5: أسبوع 41 | AS5: أسبوع 42 | AT5: أسبوع 43 | AU5: أسبوع 44 | AV5: أسبوع 45 | AW5: أسبوع 46 | AX5: أسبوع 47 | AY5: أسبوع 48 | AZ5: أسبوع 49 | BA5: أسبوع 50 | BB5: أسبوع 51 | BC5: أسبوع 52 | BD5: إجمالي النقاط | BE5: نسبة الالتزام | BF5: متوسط التقييم
BD6: =SUM(D6:BC6) -> 0 | BE6: =IFERROR(COUNTIF(D6:BC6,">=2")/52,0) -> 0 | BF6: =IFERROR(AVERAGE(D6:BC6),0) -> 0
BD7: =SUM(D7:BC7) -> 0 | BE7: =IFERROR(COUNTIF(D7:BC7,">=2")/52,0) -> 0 | BF7: =IFERROR(AVERAGE(D7:BC7),0) -> 0
BD8: =SUM(D8:BC8) -> 0 | BE8: =IFERROR(COUNTIF(D8:BC8,">=2")/52,0) -> 0 | BF8: =IFERROR(AVERAGE(D8:BC8),0) -> 0
BD9: =SUM(D9:BC9) -> 0 | BE9: =IFERROR(COUNTIF(D9:BC9,">=2")/52,0) -> 0 | BF9: =IFERROR(AVERAGE(D9:BC9),0) -> 0
BD10: =SUM(D10:BC10) -> 0 | BE10: =IFERROR(COUNTIF(D10:BC10,">=2")/52,0) -> 0 | BF10: =IFERROR(AVERAGE(D10:BC10),0) -> 0
BD11: =SUM(D11:BC11) -> 0 | BE11: =IFERROR(COUNTIF(D11:BC11,">=2")/52,0) -> 0 | BF11: =IFERROR(AVERAGE(D11:BC11),0) -> 0
BD12: =SUM(D12:BC12) -> 0 | BE12: =IFERROR(COUNTIF(D12:BC12,">=2")/52,0) -> 0 | BF12: =IFERROR(AVERAGE(D12:BC12),0) -> 0
BD13: =SUM(D13:BC13) -> 0 | BE13: =IFERROR(COUNTIF(D13:BC13,">=2")/52,0) -> 0 | BF13: =IFERROR(AVERAGE(D13:BC13),0) -> 0
BD14: =SUM(D14:BC14) -> 0 | BE14: =IFERROR(COUNTIF(D14:BC14,">=2")/52,0) -> 0 | BF14: =IFERROR(AVERAGE(D14:BC14),0) -> 0
BD15: =SUM(D15:BC15) -> 0 | BE15: =IFERROR(COUNTIF(D15:BC15,">=2")/52,0) -> 0 | BF15: =IFERROR(AVERAGE(D15:BC15),0) -> 0
BD16: =SUM(D16:BC16) -> 0 | BE16: =IFERROR(COUNTIF(D16:BC16,">=2")/52,0) -> 0 | BF16: =IFERROR(AVERAGE(D16:BC16),0) -> 0
BD17: =SUM(D17:BC17) -> 0 | BE17: =IFERROR(COUNTIF(D17:BC17,">=2")/52,0) -> 0 | BF17: =IFERROR(AVERAGE(D17:BC17),0) -> 0
... BD25: =SUM(D25:BC25) -> 0 | BE25: =IFERROR(COUNTIF(D25:BC25,">=2")/52,0) -> 0 | BF25: =IFERROR(AVERAGE(D25:BC25),0) -> 0

Sheet الامتنان
A1: الامتنان | Weekly Gratitude | B1: الامتنان | Weekly Gratitude | C1: الامتنان | Weekly Gratitude | D1: الامتنان | Weekly Gratitude | E1: الامتنان | Weekly Gratitude | F1: الامتنان | Weekly Gratitude
A3: سجل ثلاثة أمور ممتن لها كل أسبوع. | B3: سجل ثلاثة أمور ممتن لها كل أسبوع. | C3: سجل ثلاثة أمور ممتن لها كل أسبوع. | D3: سجل ثلاثة أمور ممتن لها كل أسبوع. | E3: سجل ثلاثة أمور ممتن لها كل أسبوع. | F3: سجل ثلاثة أمور ممتن لها كل أسبوع.
A5: الأسبوع | B5: التاريخ | C5: امتنان 1 | D5: امتنان 2 | E5: امتنان 3 | F5: ملاحظات
A6: 1 | B6: =DATE(الإعدادات!$B$6,1,1)+(A6-1)*7 -> 46023
A7: 2 | B7: =DATE(الإعدادات!$B$6,1,1)+(A7-1)*7 -> 46030
A8: 3 | B8: =DATE(الإعدادات!$B$6,1,1)+(A8-1)*7 -> 46037
A9: 4 | B9: =DATE(الإعدادات!$B$6,1,1)+(A9-1)*7 -> 46044
A10: 5 | B10: =DATE(الإعدادات!$B$6,1,1)+(A10-1)*7 -> 46051
A11: 6 | B11: =DATE(الإعدادات!$B$6,1,1)+(A11-1)*7 -> 46058
A12: 7 | B12: =DATE(الإعدادات!$B$6,1,1)+(A12-1)*7 -> 46065
A13: 8 | B13: =DATE(الإعدادات!$B$6,1,1)+(A13-1)*7 -> 46072
A14: 9 | B14: =DATE(الإعدادات!$B$6,1,1)+(A14-1)*7 -> 46079
A15: 10 | B15: =DATE(الإعدادات!$B$6,1,1)+(A15-1)*7 -> 46086
A16: 11 | B16: =DATE(الإعدادات!$B$6,1,1)+(A16-1)*7 -> 46093
A17: 12 | B17: =DATE(الإعدادات!$B$6,1,1)+(A17-1)*7 -> 46100
... A57: 52 | B57: =DATE(الإعدادات!$B$6,1,1)+(A57-1)*7 -> 46380

Sheet الميزانية
A1: الميزانية | Budget Management | B1: الميزانية | Budget Management | C1: الميزانية | Budget Management | D1: الميزانية | Budget Management | E1: الميزانية | Budget Management | F1: الميزانية | Budget Management | G1: الميزانية | Budget Management
A3: أدخل الميزانية والفعلية حسب الشهر والفئة. الخلايا الصفراء هي مناطق الإدخال. | B3: أدخل الميزانية والفعلية حسب الشهر والفئة. الخلايا الصفراء هي مناطق الإدخال. | C3: أدخل الميزانية والفعلية حسب الشهر والفئة. الخلايا الصفراء هي مناطق الإدخال. | D3: أدخل الميزانية والفعلية حسب الشهر والفئة. الخلايا الصفراء هي مناطق الإدخال. | E3: أدخل الميزانية والفعلية حسب الشهر والفئة. الخلايا الصفراء هي مناطق الإدخال. | F3: أدخل الميزانية والفعلية حسب الشهر والفئة. الخلايا الصفراء هي مناطق الإدخال. | G3: أدخل الميزانية والفعلية حسب الشهر والفئة. الخلايا الصفراء هي مناطق الإدخال.
A5: الشهر | B5: الفئة | C5: النوع | D5: الميزانية | E5: الفعلي | F5: الانحراف | G5: الانحراف %
A6: يناير | B6: الراتب | C6: دخل | D6: 2000 | E6: 5000 | F6: =IF(C6="مصروف",D6-E6,E6-D6) -> 3000 | G6: =IFERROR(F6/D6,0) -> 1.5
C7: مصروف | D7: 3000 | E7: 2000 | F7: =IF(C7="مصروف",D7-E7,E7-D7) -> 1000 | G7: =IFERROR(F7/D7,0) -> 0.33333333
F8: =IF(C8="مصروف",D8-E8,E8-D8) -> 0 | G8: =IFERROR(F8/D8,0) -> 0
F9: =IF(C9="مصروف",D9-E9,E9-D9) -> 0 | G9: =IFERROR(F9/D9,0) -> 0
F10: =IF(C10="مصروف",D10-E10,E10-D10) -> 0 | G10: =IFERROR(F10/D10,0) -> 0
F11: =IF(C11="مصروف",D11-E11,E11-D11) -> 0 | G11: =IFERROR(F11/D11,0) -> 0
F12: =IF(C12="مصروف",D12-E12,E12-D12) -> 0 | G12: =IFERROR(F12/D12,0) -> 0
F13: =IF(C13="مصروف",D13-E13,E13-D13) -> 0 | G13: =IFERROR(F13/D13,0) -> 0
F14: =IF(C14="مصروف",D14-E14,E14-D14) -> 0 | G14: =IFERROR(F14/D14,0) -> 0
F15: =IF(C15="مصروف",D15-E15,E15-D15) -> 0 | G15: =IFERROR(F15/D15,0) -> 0
F16: =IF(C16="مصروف",D16-E16,E16-D16) -> 0 | G16: =IFERROR(F16/D16,0) -> 0
F17: =IF(C17="مصروف",D17-E17,E17-D17) -> 0 | G17: =IFERROR(F17/D17,0) -> 0
F18: =IF(C18="مصروف",D18-E18,E18-D18) -> 0 | G18: =IFERROR(F18/D18,0) -> 0
F19: =IF(C19="مصروف",D19-E19,E19-D19) -> 0 | G19: =IFERROR(F19/D19,0) -> 0
... F185: =IF(C185="مصروف",D185-E185,E185-D185) -> 0 | G185: =IFERROR(F185/D185,0) -> 0

Sheet الإعدادات
A1: الإعدادات | Settings | B1: الإعدادات | Settings | C1: الإعدادات | Settings | D1: الإعدادات | Settings | E1: الإعدادات | Settings | F1: الإعدادات | Settings
A3: الخلايا الصفراء قابلة للتعديل — تستخدم القوائم في التحقق من صحة الإدخال | B3: الخلايا الصفراء قابلة للتعديل — تستخدم القوائم في التحقق من صحة الإدخال | C3: الخلايا الصفراء قابلة للتعديل — تستخدم القوائم في التحقق من صحة الإدخال | D3: الخلايا الصفراء قابلة للتعديل — تستخدم القوائم في التحقق من صحة الإدخال | E3: الخلايا الصفراء قابلة للتعديل — تستخدم القوائم في التحقق من صحة الإدخال | F3: الخلايا الصفراء قابلة للتعديل — تستخدم القوائم في التحقق من صحة الإدخال
A5: إعداد | B5: القيمة | D5: فئات الأهداف | E5: حالة الهدف | F5: تقييم العادة | H5: نوع الحركة | I5: فئات الميزانية | J5: أشهر السنة | K5: فئات العادات
A6: السنة | B6: 2026 | D6: التعليم | E6: لم يبدأ | F6: 0 = لم يتم | H6: دخل | I6: الراتب | J6: يناير | K6: صحة
D7: المهنة | E7: قيد التنفيذ | F7: 1 = ضعيف | H7: مصروف | I7: عمل حر | J7: فبراير | K7: تعلم
D8: المال | E8: مكتمل | F8: 2 = جيد | I8: عمل تجاري | J8: مارس | K8: روحانيات
D9: الصحة | E9: معلّق | F9: 3 = رائع | I9: دخل آخر | J9: أبريل | K9: إنتاجية
D10: التطوير الشخصي | E10: ملغي | I10: السكن | J10: مايو | K10: علاقات
D11: السفر | I11: المواصلات | J11: يونيو | K11: أخرى
D12: العائلة | I12: الطعام | J12: يوليو
D13: أخرى | I13: المرافق | J13: أغسطس
I14: التعليم | J14: سبتمبر
I15: الصحة | J15: أكتوبر
I16: الترفيه | J16: نوفمبر
I17: التسوق | J17: ديسمبر
I18: الديون
I19: أخرى
A20: حالة النموذج | B20: جاهز للإدخال
A21: ملاحظة الحماية | B21: يُرجى حماية الأوراق بكلمة admin1234 في Excel إذا لزم منع التعديل البنيوي.
A22: تمييز الإدخال | B22: الخلايا الصفراء هي خلايا الإدخال.
A23: تمييز الحساب | B23: الخلايا الرمادية تحتوي صيغًا.
